{
    "test_loss": 0.0015070730587467551,
    "test_ssim": 0.9998708273177441,
    "test_psnr": 76.80762503948513
}
