{
    "test_loss": 0.00023264579067472368,
    "test_ssim": 0.9174943664926579,
    "test_psnr": 36.333046065603455
}
