{
    "test_loss": 0.0021862415841498433,
    "test_ssim": 0.9998330763688212,
    "test_psnr": 75.40635897276093
}
