{
    "test_loss": 0.0006874012760818005,
    "test_ssim": 0.9999739826638335,
    "test_psnr": 81.17406801406216
}
