{
    "test_loss": 0.018616728484630585,
    "test_ssim": 0.9975875298638132,
    "test_psnr": 66.43165539142645
}
