{
    "test_loss": 0.0016229309840127826,
    "test_ssim": 0.9998948279319944,
    "test_psnr": 76.59822054219605
}
