{
    "test_loss": 0.00063995027448982,
    "test_ssim": 0.9999792762766488,
    "test_psnr": 80.06934064696111
}
