{
    "test_loss": 0.0026062983765076002,
    "test_ssim": 0.9997803389244861,
    "test_psnr": 74.72809096240422
}
