{
    "test_loss": 0.0006506653884246345,
    "test_ssim": 0.9999689707336061,
    "test_psnr": 81.18208430401798
}
