{
    "test_loss": 0.0010805289493873715,
    "test_ssim": 0.9999400229456702,
    "test_psnr": 78.66151791931357
}
