{
    "test_loss": 0.000266704591922462,
    "test_ssim": 0.9999919725484087,
    "test_psnr": 83.87049703364772
}
