{
    "test_loss": 0.0006917946739122272,
    "test_ssim": 0.9999789318729967,
    "test_psnr": 79.7310308768933
}
