{
    "test_loss": 0.001009504310786724,
    "test_ssim": 0.9999771015759503,
    "test_psnr": 78.08972129991774
}
