{
    "test_loss": 0.0006743355828701092,
    "test_ssim": 0.9999873702719209,
    "test_psnr": 81.90186058861948
}
