{
    "test_loss": 0.001368185580298696,
    "test_ssim": 0.9999120874014037,
    "test_psnr": 77.48460844331215
}
