{
    "test_loss": 0.0033040925625535526,
    "test_ssim": 0.9997161783767109,
    "test_psnr": 73.60723757226017
}
