{
    "test_loss": 0.0011687431251630187,
    "test_ssim": 0.9999311472004139,
    "test_psnr": 78.29927151463951
}
