{
    "test_loss": 0.0005809954920499838,
    "test_ssim": 0.9999845161823292,
    "test_psnr": 82.81363614452349
}
