{
    "test_loss": 0.0005633305408991873,
    "test_ssim": 0.9999857735462729,
    "test_psnr": 80.62317020062473
}
