{
    "train_loss": 0.002078223042190075,
    "step": 128,
    "val_loss": 0.00169931221426579
}
