{
    "step": 2559,
    "val_loss": 1.0760684766267474,
    "train_time": 1783.6060099601746
}
