{
    "train_loss": 0.002043829532340169,
    "step": 128,
    "val_loss": 0.0021917830433761864
}
