{
    "step": 20519,
    "val_loss": 0.8572541621693394,
    "train_time": 7885.021159410477
}
