{
    "step": 319,
    "train_loss": 0.003659638110548258,
    "val_loss": 0.0033515291288495064,
    "train_time": 306.46952056884766
}
