{
    "step": 499,
    "train_loss": 0.696004331111908,
    "train_time": 513.4942312240601
}
