{
    "train_loss": 0.001745362300425768,
    "step": 128,
    "val_loss": 0.0026146280660963896
}
