{
    "step": 2559,
    "val_loss": 0.030386326605813543,
    "train_time": 2933.6143453121185
}
