{
    "step": 2559,
    "val_loss": 1.075133206551535,
    "train_time": 1501.0583505630493
}
