{
    "train_loss": 0.004890951327979565,
    "step": 128,
    "val_loss": 0.0033777952194213867
}
