{
    "step": 2559,
    "val_loss": 1.1327694006133497,
    "train_time": 1542.0495820045471
}
