{
    "step": 2559,
    "val_loss": 0.9331173143888775,
    "train_time": 3175.3243160247803
}
