{
    "step": 499,
    "train_loss": 0.7054001092910767,
    "train_time": 585.9075875282288
}
