{
    "step": 4,
    "Loss_D": 2.0588324069976807,
    "D_x": 0.8502417206764221,
    "D_G_z1": 0.8498797416687012
}
