{
    "train_loss": 0.0014761827187612653,
    "step": 256,
    "val_loss": 0.0013965334285769547
}
