{
    "train_loss": 0.0002583995519671589,
    "step": 1025,
    "val_loss": 0.0006320363466154065
}
