step	D_G_z1
1	0.04731696844100952
2	0.31483834981918335
3	0.7603035569190979
4	0.8498797416687012
5	0.8124868869781494
