step	D_x
1	0.0401458702981472
2	0.33321183919906616
3	0.7713934183120728
4	0.8502417206764221
5	0.8389716148376465
