step	Loss_D
1	3.2852206230163574
2	1.4927644729614258
3	1.6882350444793701
4	2.0588324069976807
5	1.8507908582687378
